{"diagnostic_of_cluster_100": {"flickr30k-retrieval-Retrieval_cka_cka_retrieval_100": {"k": 100, "cond_text": 1596.1014404296875, "cond_image": 705.7890625, "erank_text": 8.085533142089844, "erank_image": 13.161759376525879, "erank_ratio_text": 0.08085533142089844, "erank_ratio_image": 0.13161759376525878, "cka_score": 0.6389753222465515, "shape_text": [99, 768], "shape_image": [99, 1536], "diff_k_it_norm": 43217.9921875, "diff_k_ti_norm": 43217.9921875, "K_t_norm": 129370.0, "K_i_norm": 168732.375, "text_min_eig": 80.81564331054688, "image_min_eig": 237.2261505126953, "text_max_eig": 128989.9609375, "image_max_eig": 167431.625, "log_text_min_eig": 4.392170429229736, "log_image_min_eig": 5.469013690948486, "log_text_max_eig": 11.767489433288574, "log_image_max_eig": 12.02833080291748, "log_cond_text": 2.679196834564209, "log_cond_image": 2.1993601322174072, "cond_diff_it": 6283.57666015625, "cond_diff_ti": 321.4398498535156, "erank_diff_it": 23.66805076599121, "erank_diff_ti": 17.823442459106445, "erank_ratio_diff_it": 0.2366805076599121, "erank_ratio_diff_ti": 0.17823442459106445}}, "diagnostic_of_cluster_320": {"flickr30k-retrieval-Retrieval_cka_cka_retrieval_320": {"k": 320, "cond_text": 48110.38671875, "cond_image": 7150.69580078125, "erank_text": 10.796504020690918, "erank_image": 19.410573959350586, "erank_ratio_text": 0.03373907506465912, "erank_ratio_image": 0.06065804362297058, "cka_score": 0.5167810916900635, "shape_text": [320, 768], "shape_image": [320, 1536], "diff_k_it_norm": 141229.203125, "diff_k_ti_norm": 141229.203125, "K_t_norm": 409875.75, "K_i_norm": 539521.0625, "text_min_eig": 8.501259803771973, "image_min_eig": 75.03716278076172, "text_max_eig": 408998.90625, "image_max_eig": 536567.9375, "log_text_min_eig": 2.140214443206787, "log_image_min_eig": 4.317983627319336, "log_text_max_eig": 12.921467781066895, "log_image_max_eig": 13.192948341369629, "log_cond_text": 6.037464141845703, "log_cond_image": 3.055349349975586, "cond_diff_it": 68732.5234375, "cond_diff_ti": 6269.822265625, "erank_diff_it": 47.436553955078125, "erank_diff_ti": 57.0999755859375, "erank_ratio_diff_it": 0.14823923110961915, "erank_ratio_diff_ti": 0.1784374237060547}}, "diagnostic_of_cluster_500": {"flickr30k-retrieval-Retrieval_cka_cka_retrieval_500": {"k": 500, "cond_text": 582707.8125, "cond_image": 19960.931640625, "erank_text": 11.630168914794922, "erank_image": 22.18185043334961, "erank_ratio_text": 0.023260337829589844, "erank_ratio_image": 0.04436370086669922, "cka_score": 0.48817145824432373, "shape_text": [497, 768], "shape_image": [497, 1536], "diff_k_it_norm": 214257.65625, "diff_k_ti_norm": 214257.65625, "K_t_norm": 633008.0, "K_i_norm": 828751.1875, "text_min_eig": 1.084140658378601, "image_min_eig": 41.30624008178711, "text_max_eig": 631737.25, "image_max_eig": 824511.0625, "log_text_min_eig": 0.08078765124082565, "log_image_min_eig": 3.7210135459899902, "log_text_max_eig": 13.356228828430176, "log_image_max_eig": 13.622546195983887, "log_cond_text": 165.32513427734375, "log_cond_image": 3.660977363586426, "cond_diff_it": 458296.5625, "cond_diff_ti": 5072.0634765625, "erank_diff_it": 62.37070846557617, "erank_diff_ti": 80.91997528076172, "erank_ratio_diff_it": 0.12474141693115234, "erank_ratio_diff_ti": 0.16183995056152345}}, "diagnostic_of_cluster_750": {"flickr30k-retrieval-Retrieval_cka_cka_retrieval_750": {"k": 750, "cond_text": 1685780224.0, "cond_image": 70960.953125, "erank_text": 11.727086067199707, "erank_image": 24.675304412841797, "erank_ratio_text": 0.015636114756266275, "erank_ratio_image": 0.03290040588378906, "cka_score": 0.4438573122024536, "shape_text": [749, 768], "shape_image": [749, 1536], "diff_k_it_norm": 310863.9375, "diff_k_ti_norm": 310863.9375, "K_t_norm": 960798.4375, "K_i_norm": 1244092.125, "text_min_eig": 0.0005689089302904904, "image_min_eig": 17.44943618774414, "text_max_eig": 959055.4375, "image_max_eig": 1238228.625, "log_text_min_eig": -7.471790313720703, "log_image_min_eig": 2.859307289123535, "log_text_max_eig": 13.773704528808594, "log_image_max_eig": 14.029191970825195, "log_cond_text": -1.8434276580810547, "log_cond_image": 4.906500339508057, "cond_diff_it": 644921.6875, "cond_diff_ti": 52274.9609375, "erank_diff_it": 81.552734375, "erank_diff_ti": 104.34126281738281, "erank_ratio_diff_it": 0.10873697916666666, "erank_ratio_diff_ti": 0.1391216837565104}}}