{"diagnostic_of_cluster_100": {"nocaps-retrieval-Retrieval_cka_cka_retrieval_100": {"k": 100, "cond_text": 45.80527877807617, "cond_image": 110.61185455322266, "erank_text": 75.2514419555664, "erank_image": 60.511112213134766, "erank_ratio_text": 0.7525144195556641, "erank_ratio_image": 0.6051111221313477, "cka_score": 0.7999233603477478, "shape_text": [100, 4096], "shape_image": [100, 1024], "diff_k_it_norm": 45236.078125, "diff_k_ti_norm": 45236.078125, "K_t_norm": 63005.25, "K_i_norm": 23273.173828125, "text_min_eig": 908.9473266601562, "image_min_eig": 171.28787231445312, "text_max_eig": 41634.5859375, "image_max_eig": 18946.46875, "log_text_min_eig": 6.812287330627441, "log_image_min_eig": 5.143345832824707, "log_text_max_eig": 10.636686325073242, "log_image_max_eig": 9.849372863769531, "log_cond_text": 1.5613971948623657, "log_cond_image": 1.9149738550186157, "cond_diff_it": 6.879743576049805, "cond_diff_ti": 195.62673950195312, "erank_diff_it": 2.2713735103607178, "erank_diff_ti": 69.37970733642578, "erank_ratio_diff_it": 0.022713735103607177, "erank_ratio_diff_ti": 0.6937970733642578}}, "diagnostic_of_cluster_320": {"nocaps-retrieval-Retrieval_cka_cka_retrieval_320": {"k": 320, "cond_text": 297.2684020996094, "cond_image": 1148.9896240234375, "erank_text": 171.4419403076172, "erank_image": 128.52003479003906, "erank_ratio_text": 0.5357560634613037, "erank_ratio_image": 0.4016251087188721, "cka_score": 0.639528751373291, "shape_text": [320, 4096], "shape_image": [320, 1024], "diff_k_it_norm": 119046.3359375, "diff_k_ti_norm": 119046.3359375, "K_t_norm": 166123.515625, "K_i_norm": 66593.90625, "text_min_eig": 421.3979187011719, "image_min_eig": 50.23634719848633, "text_max_eig": 125268.2890625, "image_max_eig": 57721.0390625, "log_text_min_eig": 6.043577671051025, "log_image_min_eig": 3.916738748550415, "log_text_max_eig": 11.738212585449219, "log_image_max_eig": 10.963376998901367, "log_cond_text": 1.9422621726989746, "log_cond_image": 2.7991085052490234, "cond_diff_it": 308.1251220703125, "cond_diff_ti": 15937.5341796875, "erank_diff_it": 34.69533920288086, "erank_diff_ti": 144.0751495361328, "erank_ratio_diff_it": 0.10842293500900269, "erank_ratio_diff_ti": 0.45023484230041505}}, "diagnostic_of_cluster_500": {"nocaps-retrieval-Retrieval_cka_cka_retrieval_500": {"k": 500, "cond_text": 929.8861694335938, "cond_image": 3642.4365234375, "erank_text": 218.54116821289062, "erank_image": 163.62100219726562, "erank_ratio_text": 0.43708233642578126, "erank_ratio_image": 0.32724200439453127, "cka_score": 0.5928239822387695, "shape_text": [500, 4096], "shape_image": [500, 1024], "diff_k_it_norm": 181435.453125, "diff_k_ti_norm": 181435.453125, "K_t_norm": 251568.78125, "K_i_norm": 100442.6953125, "text_min_eig": 210.91329956054688, "image_min_eig": 24.27573585510254, "text_max_eig": 196125.359375, "image_max_eig": 88422.828125, "log_text_min_eig": 5.351447105407715, "log_image_min_eig": 3.1894774436950684, "log_text_max_eig": 12.186509132385254, "log_image_max_eig": 11.389885902404785, "log_cond_text": 2.277236223220825, "log_cond_image": 3.57108211517334, "cond_diff_it": 1595.6534423828125, "cond_diff_ti": 11475.697265625, "erank_diff_it": 67.31095123291016, "erank_diff_ti": 183.0793914794922, "erank_ratio_diff_it": 0.13462190246582031, "erank_ratio_diff_ti": 0.36615878295898435}}, "diagnostic_of_cluster_750": {"nocaps-retrieval-Retrieval_cka_cka_retrieval_750": {"k": 750, "cond_text": 2079.874267578125, "cond_image": 27143.951171875, "erank_text": 262.88616943359375, "erank_image": 195.68214416503906, "erank_ratio_text": 0.350514892578125, "erank_ratio_image": 0.2609095255533854, "cka_score": 0.5429031252861023, "shape_text": [750, 4096], "shape_image": [750, 1024], "diff_k_it_norm": 265829.65625, "diff_k_ti_norm": 265829.65625, "K_t_norm": 369283.90625, "K_i_norm": 149820.140625, "text_min_eig": 141.5456085205078, "image_min_eig": 4.917940139770508, "text_max_eig": 294397.0625, "image_max_eig": 133492.328125, "log_text_min_eig": 4.952621936798096, "log_image_min_eig": 1.5928897857666016, "log_text_max_eig": 12.592684745788574, "log_image_max_eig": 11.801799774169922, "log_cond_text": 2.5426299571990967, "log_cond_image": 7.409049987792969, "cond_diff_it": 3462.77587890625, "cond_diff_ti": 104317.3671875, "erank_diff_it": 113.66638946533203, "erank_diff_ti": 223.31463623046875, "erank_ratio_diff_it": 0.15155518595377604, "erank_ratio_diff_ti": 0.29775284830729165}}, "diagnostic_of_cluster_1000": {"nocaps-retrieval-Retrieval_cka_cka_retrieval_1000": {"k": 1000, "cond_text": 3572.017822265625, "cond_image": 7177415.5, "erank_text": 296.7224426269531, "erank_image": 212.99607849121094, "erank_ratio_text": 0.29672244262695313, "erank_ratio_image": 0.21299607849121094, "cka_score": 0.5176573395729065, "shape_text": [1000, 4096], "shape_image": [1000, 1024], "diff_k_it_norm": 344392.59375, "diff_k_ti_norm": 344392.59375, "K_t_norm": 481254.53125, "K_i_norm": 200147.640625, "text_min_eig": 107.93771362304688, "image_min_eig": 0.02503392845392227, "text_max_eig": 385555.4375, "image_max_eig": 179678.90625, "log_text_min_eig": 4.681554317474365, "log_image_min_eig": -3.687523365020752, "log_text_max_eig": 12.86244010925293, "log_image_max_eig": 12.098926544189453, "log_cond_text": 2.747472047805786, "log_cond_image": -3.2810440063476562, "cond_diff_it": 10032.162109375, "cond_diff_ti": 281417.90625, "erank_diff_it": 151.66094970703125, "erank_diff_ti": 259.46527099609375, "erank_ratio_diff_it": 0.15166094970703126, "erank_ratio_diff_ti": 0.25946527099609373}}, "diagnostic_of_cluster_1250": {"nocaps-retrieval-Retrieval_cka_cka_retrieval_1250": {"k": 1250, "cond_text": 6216.0859375, "cond_image": 28893454336.0, "erank_text": 323.3988037109375, "erank_image": 222.95765686035156, "erank_ratio_text": 0.25871904296875, "erank_ratio_image": 0.17836612548828126, "cka_score": 0.49426695704460144, "shape_text": [1250, 4096], "shape_image": [1250, 1024], "diff_k_it_norm": 423348.125, "diff_k_ti_norm": 423348.125, "K_t_norm": 593386.625, "K_i_norm": 249537.59375, "text_min_eig": 76.95101165771484, "image_min_eig": 7.810794159013312e-06, "text_max_eig": 478334.09375, "image_max_eig": 225680.828125, "log_text_min_eig": 4.343169212341309, "log_image_min_eig": -11.760004043579102, "log_text_max_eig": 13.078064918518066, "log_image_max_eig": 12.326876640319824, "log_cond_text": 3.0111801624298096, "log_cond_image": -1.048203468322754, "cond_diff_it": 43224.4296875, "cond_diff_ti": 157912.15625, "erank_diff_it": 185.26927185058594, "erank_diff_ti": 290.91162109375, "erank_ratio_diff_it": 0.14821541748046874, "erank_ratio_diff_ti": 0.232729296875}}, "diagnostic_of_cluster_1500": {"nocaps-retrieval-Retrieval_cka_cka_retrieval_1500": {"k": 1500, "cond_text": 9936.05078125, "cond_image": 474219479040.0, "erank_text": 343.1798095703125, "erank_image": 226.62396240234375, "erank_ratio_text": 0.22878653971354165, "erank_ratio_image": 0.1510826416015625, "cka_score": 0.48214012384414673, "shape_text": [1500, 4096], "shape_image": [1500, 1024], "diff_k_it_norm": 503562.21875, "diff_k_ti_norm": 503562.21875, "K_t_norm": 704082.8125, "K_i_norm": 298117.96875, "text_min_eig": 57.06572341918945, "image_min_eig": 5.717745921174355e-07, "text_max_eig": 567007.9375, "image_max_eig": 271146.65625, "log_text_min_eig": 4.044203758239746, "log_image_min_eig": -14.374521255493164, "log_text_max_eig": 13.248128890991211, "log_image_max_eig": 12.510415077209473, "log_cond_text": 3.2758312225341797, "log_cond_image": -0.8703187108039856, "cond_diff_it": 300563.65625, "cond_diff_ti": 109299.546875, "erank_diff_it": 211.83775329589844, "erank_diff_ti": 316.9568786621094, "erank_ratio_diff_it": 0.1412251688639323, "erank_ratio_diff_ti": 0.2113045857747396}}, "diagnostic_of_cluster_1750": {"nocaps-retrieval-Retrieval_cka_cka_retrieval_1750": {"k": 1750, "cond_text": 15932.078125, "cond_image": 81645379584.0, "erank_text": 357.0593566894531, "erank_image": 228.13363647460938,