{"diagnostic_of_cluster_100": {"nocaps-retrieval-Retrieval_cka_cka_retrieval_100": {"k": 100, "cond_text": 16.289392778491553, "cond_image": 28.578445776847467, "erank_text": 83.07922955417776, "erank_image": 76.4259974731016, "erank_ratio_text": 0.8307922955417776, "erank_ratio_image": 0.764259974731016, "shape_text": [100, 4096], "shape_image": [100, 1024], "diff_k_it_norm": 45236.078125, "diff_k_ti_norm": 45236.078125, "K_t_norm": 63005.25, "K_i_norm": 23273.173828125, "text_min_eig": 909.0430308632801, "image_min_eig": 172.5470061085983, "text_max_eig": 14807.75898228239, "image_max_eig": 4931.125258031945, "log_text_min_eig": 6.812392431740515, "log_image_min_eig": 5.150669698530536, "log_text_max_eig": 9.602906577937892, "log_image_max_eig": 8.503322488057641, "log_cond_text": 1.4096232232887413, "log_cond_image": 1.6509158974965144, "cond_diff_it": 3.679713779268716, "cond_diff_ti": 130.2379303522003, "erank_diff_it": 1.680014703530041, "erank_diff_ti": 74.08862247704671, "erank_ratio_diff_it": 0.01680014703530041, "erank_ratio_diff_ti": 0.7408862247704672}}, "diagnostic_of_cluster_320": {"nocaps-retrieval-Retrieval_cka_cka_retrieval_320": {"k": 320, "cond_text": 91.45231869040279, "cond_image": 242.10550580489272, "erank_text": 201.76383190691905, "erank_image": 176.05767884685474, "erank_ratio_text": 0.630511974709122, "erank_ratio_image": 0.550180246396421, "shape_text": [320, 4096], "shape_image": [320, 1024], "diff_k_it_norm": 119046.3359375, "diff_k_ti_norm": 119046.3359375, "K_t_norm": 166123.515625, "K_i_norm": 66593.90625, "text_min_eig": 421.41909612295467, "image_min_eig": 50.270380444742216, "text_max_eig": 38539.75348085794, "image_max_eig": 12170.735884578702, "log_text_min_eig": 6.0436278162497485, "log_image_min_eig": 3.9174160457033422, "log_text_max_eig": 10.559445545498962, "log_image_max_eig": 9.406789651251186, "log_cond_text": 1.7472031479349788, "log_cond_image": 2.401274090243399, "cond_diff_it": 199.73670703233495, "cond_diff_ti": 8182.260670965276, "erank_diff_it": 35.541438561047485, "erank_diff_ti": 159.22507958010846, "erank_ratio_diff_it": 0.1110669955032734, "erank_ratio_diff_ti": 0.4975783736878389}}, "diagnostic_of_cluster_500": {"nocaps-retrieval-Retrieval_cka_cka_retrieval_500": {"k": 500, "cond_text": 278.9406246354297, "cond_image": 697.5678337910488, "erank_text": 262.9079597726761, "erank_image": 229.32384039109456, "erank_ratio_text": 0.5258159195453522, "erank_ratio_image": 0.45864768078218915, "shape_text": [500, 4096], "shape_image": [500, 1024], "diff_k_it_norm": 181435.453125, "diff_k_ti_norm": 181435.453125, "K_t_norm": 251568.78125, "K_i_norm": 100442.6953125, "text_min_eig": 211.15979163155038, "image_min_eig": 24.36356016031733, "text_max_eig": 58901.044175591844, "image_max_eig": 16995.235884470458, "log_text_min_eig": 5.352615153175001, "log_image_min_eig": 3.1930885799594253, "log_text_max_eig": 10.983614097421281, "log_image_max_eig": 9.740688341673227, "log_cond_text": 2.052008930794539, "log_cond_image": 3.050553749998693, "cond_diff_it": 1185.1901588589412, "cond_diff_ti": 5257.555910925235, "erank_diff_it": 68.77798835119866, "erank_diff_ti": 205.16277667006125, "erank_ratio_diff_it": 0.1375559767023973, "erank_ratio_diff_ti": 0.4103255533401225}}, "diagnostic_of_cluster_750": {"nocaps-retrieval-Retrieval_cka_cka_retrieval_750": {"k": 750, "cond_text": 586.1817391841668, "cond_image": 5330.1799918870165, "erank_text": 321.892030287324, "erank_image": 280.14388247998045, "erank_ratio_text": 0.429189373716432, "erank_ratio_image": 0.3735251766399739, "shape_text": [750, 4096], "shape_image": [750, 1024], "diff_k_it_norm": 265829.65625, "diff_k_ti_norm": 265829.65625, "K_t_norm": 369283.90625, "K_i_norm": 149820.140625, "text_min_eig": 141.58792934873478, "image_min_eig": 4.922290335652733, "text_max_eig": 82996.25867312629, "image_max_eig": 26236.693461355026, "log_text_min_eig": 4.952920932913758, "log_image_min_eig": 1.5937739375621203, "log_text_max_eig": 11.326550809535377, "log_image_max_eig": 10.174914223736637, "log_cond_text": 2.286842645572392, "log_cond_image": 6.384164017200872, "cond_diff_it": 1887.2529905567403, "cond_diff_ti": 146567.12876877355, "erank_diff_it": 116.27457648176576, "erank_diff_ti": 252.01316986432553, "erank_ratio_diff_it": 0.15503276864235435, "erank_ratio_diff_ti": 0.3360175598191007}}, "diagnostic_of_cluster_1000": {"nocaps-retrieval-Retrieval_cka_cka_retrieval_1000": {"k": 1000, "cond_text": 974.1261083974717, "cond_image": 1384697.2386630003, "erank_text": 365.82501262929907, "erank_image": 309.92916136848623, "erank_ratio_text": 0.36582501262929906, "erank_ratio_image": 0.30992916136848625, "shape_text": [1000, 4096], "shape_image": [1000, 1024], "diff_k_it_norm": 344392.59375, "diff_k_ti_norm": 344392.59375, "K_t_norm": 481254.53125, "K_i_norm": 200147.640625, "text_min_eig": 107.96003160925093, "image_min_eig": 0.02509945407712319, "text_max_eig": 105166.68545398765, "image_max_eig": 34755.144752541266, "log_text_min_eig": 4.68176108093645, "log_image_min_eig": -3.6849091829963423, "log_text_max_eig": 11.563301850938585, "log_image_max_eig": 10.456082890467396, "log_cond_text": 2.469861586492082, "log_cond_image": -2.8375415434160445, "cond_diff_it": 2075.5766101150834, "cond_diff_ti": 111460.4901015544, "erank_diff_it": 155.20224539894096, "erank_diff_ti": 292.6823682055165, "erank_ratio_diff_it": 0.15520224539894095, "erank_ratio_diff_ti": 0.2926823682055165}}, "diagnostic_of_cluster_1250": {"nocaps-retrieval-Retrieval_cka_cka_retrieval_1250": {"k": 1250, "cond_text": 1617.725519983505, "cond_image": 5361546662.385885, "erank_text": 401.34511443896986, "erank_image": 330.2064870560097, "erank_ratio_text": 0.3210760915511759, "erank_ratio_image": 0.26416518964480773, "shape_text": [1250, 4096], "shape_image": [1250, 1024], "diff_k_it_norm": 423348.125, "diff_k_ti_norm": 423348.125, "K_t_norm": 593386.625, "K_i_norm": 249537.59375, "text_min_eig": 77.06430287316283, "image_min_eig": 7.813031321285788e-06, "text_max_eig": 124668.88943765365, "image_max_eig": 41889.9320037562, "log_text_min_eig": 4.34464017559868, "log_image_min_eig": -11.759717536089688, "log_text_max_eig": 11.733416617283412, "log_image_max_eig": 10.642800790730314, "log_cond_text": 2.700664760037712, "log_cond_image": -0.9050218049939005, "cond_diff_it": 14568.16393010122, "cond_diff_ti": 144644.19152531534, "erank_diff_it": 189.31932948635819, "erank_diff_ti": 328.5159011539736, "erank_ratio_diff_it": 0.15145546358908654, "erank_ratio_diff_ti": 0.26281272092317887}}, "diagnostic_of_cluster_1500": {"nocaps-retrieval-Retrieval_cka_cka_retrieval_1500": {"k": 1500, "cond_text": 2656.8313556983585, "cond_image": 85079827353.23607, "erank_text": 426.26466149084877, "erank_image": 341.0037044133354, "erank_ratio_text": 0.28417644099389916, "erank_ratio_image": 0.2273358029422236, "shape_text": [1500, 4096], "shape_image": [1500, 1024], "diff_k_it_norm": 503562.21875, "diff_k_ti_norm": 503562.21875, "K_t_norm": 704082.8125, "K_i_norm": 298117.96875, "text_min_eig": 57.07140839373276, "image_min_eig": 5.726084089923437e-07, "text_max_eig": 151629.10733433568, "image_max_eig": 48717.424578079794, "log_text_min_eig": 4.044303262599337, "log_image_min_eig": -14.373063758759171, "log_text_max_eig": 11.929192734646717, "log_image_max_eig": 10.79379203928868, "log_cond_text": 2.9496286406028904, "log_cond_image": -0.7509736421165442, "cond_diff_it": 25069.013137175203, "cond_diff_ti": 205585.5198107865, "erank_diff_it": 217.20590896294496, "erank_diff_ti": 357.26341124266384, "erank_ratio_diff_it": 0.14480393930862998, "erank_ratio_diff_ti": 0.23817560749510922}}, "diagnostic_of_cluster_1750": {"nocaps-retrieval-Retrieval_cka_cka_retrieval_1750": {"k": 1750, "cond_text": 4298.721066172747, "cond_image": 13976414687.977064, "erank_text": 443.564592402086, "erank_image": 347.4571765898061, "erank_ratio_text": 0.2534654813726206, "erank_ratio_image": 0.19854695805131778,