{"results_of_cluster_100": {"nocaps-retrieval-Retrieval_cka_cka_retrieval_100": {"Recall@5": 0.10474074074074087, "Recall@10": 0.185333333333333, "MAP": 0.12779615576615921, "MRR": 0.20432875425101088, "NDCG": 0.20625625666288577}}, "results_of_cluster_320": {"nocaps-retrieval-Retrieval_cka_cka_retrieval_320": {"Recall@5": 0.1903703703703696, "Recall@10": 0.3282962962962946, "MAP": 0.251626853314607, "MRR": 0.352596678544735, "NDCG": 0.35545803402925946}}, "results_of_cluster_500": {"nocaps-retrieval-Retrieval_cka_cka_retrieval_500": {"Recall@5": 0.22503703703703595, "Recall@10": 0.38148148148148003, "MAP": 0.2960638103732703, "MRR": 0.38247917449035446, "NDCG": 0.40500025065869927}}, "results_of_cluster_750": {"nocaps-retrieval-Retrieval_cka_cka_retrieval_750": {"Recall@5": 0.24118518518518411, "Recall@10": 0.4084444444444435, "MAP": 0.32604718581626047, "MRR": 0.4188717206362545, "NDCG": 0.4393052290889325}}, "results_of_cluster_1000": {"nocaps-retrieval-Retrieval_cka_cka_retrieval_1000": {"Recall@5": 0.25777777777777666, "Recall@10": 0.42962962962962964, "MAP": 0.34795054501296335, "MRR": 0.4393152647019177, "NDCG": 0.4620983910661487}}, "results_of_cluster_1250": {"nocaps-retrieval-Retrieval_cka_cka_retrieval_1250": {"Recall@5": 0.26474074074073917, "Recall@10": 0.4451851851851841, "MAP": 0.3603928691160029, "MRR": 0.44496979209173915, "NDCG": 0.47312049876246604}}, "results_of_cluster_1500": {"nocaps-retrieval-Retrieval_cka_cka_retrieval_1500": {"Recall@5": 0.26992592592592435, "Recall@10": 0.4594074074074072, "MAP": 0.37489272452502587, "MRR": 0.4516245619037156, "NDCG": 0.4870160696004423}}, "results_of_cluster_1750": {"nocaps-retrieval-Retrieval_cka_cka_retrieval_1750": {"Recall@5": 0.27229629629629465, "Recall@10": 0.45362962962962844, "MAP": 0.37194965887735065, "MRR": 0.45163187116429293, "NDCG": 0.48470222215754016}}, "results_of_cluster_2000": {"nocaps-retrieval-Retrieval_cka_cka_retrieval_2000": {"Recall@5": 0.2712592592592577, "Recall@10": 0.45422222222222186, "MAP": 0.36967350036158086, "MRR": 0.4530901653322534, "NDCG": 0.48408514418687637}}, "results_of_cluster_2250": {"nocaps-retrieval-Retrieval_cka_cka_retrieval_2250": {"Recall@5": 0.26681481481481356, "Recall@10": 0.44177777777777794, "MAP": 0.3628294681671703, "MRR": 0.4442211833064946, "NDCG": 0.4755344252464571}}, "results_of_cluster_2500": {"nocaps-retrieval-Retrieval_cka_cka_retrieval_2500": {"Recall@5": 0.26414814814814674, "Recall@10": 0.4407407407407406, "MAP": 0.35869728932472306, "MRR": 0.43838035518737273, "NDCG": 0.4713680896765507}}, "results_of_cluster_2750": {"nocaps-retrieval-Retrieval_cka_cka_retrieval_2750": {"Recall@5": 0.26103703703703585, "Recall@10": 0.4351111111111113, "MAP": 0.3528249167846003, "MRR": 0.43526890982541133, "NDCG": 0.46590325602964044}}, "results_of_cluster_3000": {"nocaps-retrieval-Retrieval_cka_cka_retrieval_3000": {"Recall@5": 0.25185185185185066, "Recall@10": 0.42696296296296293, "MAP": 0.34302861619581604, "MRR": 0.42868502347071324, "NDCG": 0.4558791549600794}}, "results_of_cluster_3250": {"nocaps-retrieval-Retrieval_cka_cka_retrieval_3250": {"Recall@5": 0.24799999999999886, "Recall@10": 0.41525925925925844, "MAP": 0.33132716059310485, "MRR": 0.42331634557838543, "NDCG": 0.4448725385102108}}, "results_of_cluster_3500": {"nocaps-retrieval-Retrieval_cka_cka_retrieval_3500": {"Recall@5": 0.24799999999999886, "Recall@10": 0.41525925925925844, "MAP": 0.33132716059310485, "MRR": 0.42331634557838543, "NDCG": 0.4448725385102108}}, "results_of_cluster_4000": {"nocaps-retrieval-Retrieval_cka_cka_retrieval_4000": {"Recall@5": 0.24799999999999886, "Recall@10": 0.41525925925925844, "MAP": 0.33132716059310485, "MRR": 0.42331634557838543, "NDCG": 0.4448725385102108}}}