{"diagnostic_of_cluster_100": {"nocaps-retrieval-Retrieval_cka_cka_retrieval_100": {"k": 100, "cond_text": 53.393236842200345, "cond_image": 28.578445776847467, "erank_text": 70.16408853989202, "erank_image": 76.4259974731016, "erank_ratio_text": 0.7016408853989202, "erank_ratio_image": 0.764259974731016, "shape_text": [100, 768], "shape_image": [100, 1024], "diff_k_it_norm": 84777.8671875, "diff_k_ti_norm": 84777.8671875, "K_t_norm": 103504.53125, "K_i_norm": 23273.173828125, "text_min_eig": 82.70851756803428, "image_min_eig": 172.5470061085983, "text_max_eig": 4416.075467377343, "image_max_eig": 4931.125258031945, "log_text_min_eig": 4.415322590293697, "log_image_min_eig": 5.150669698530536, "log_text_max_eig": 8.39300667734382, "log_image_max_eig": 8.503322488057641, "log_cond_text": 1.9008818734545818, "log_cond_image": 1.6509158974965144, "cond_diff_it": 408.43304133217146, "cond_diff_ti": 102.6695743833677, "erank_diff_it": 45.385567730471195, "erank_diff_ti": 24.86160423976933, "erank_ratio_diff_it": 0.45385567730471194, "erank_ratio_diff_ti": 0.2486160423976933}}, "diagnostic_of_cluster_320": {"nocaps-retrieval-Retrieval_cka_cka_retrieval_320": {"k": 320, "cond_text": 913.0308306467707, "cond_image": 242.10550580489272, "erank_text": 138.79068918116332, "erank_image": 176.05767884685474, "erank_ratio_text": 0.43372090369113536, "erank_ratio_image": 0.550180246396421, "shape_text": [320, 768], "shape_image": [320, 1024], "diff_k_it_norm": 272699.71875, "diff_k_ti_norm": 272699.71875, "K_t_norm": 329148.96875, "K_i_norm": 66593.90625, "text_min_eig": 12.186389427648571, "image_min_eig": 50.270380444742216, "text_max_eig": 11126.549261711, "image_max_eig": 12170.735884578702, "log_text_min_eig": 2.500319708286687, "log_image_min_eig": 3.9174160457033422, "log_text_max_eig": 9.31708935681838, "log_image_max_eig": 9.406789651251186, "log_cond_text": 3.7263592035607322, "log_cond_image": 2.401274090243399, "cond_diff_it": 2200.1002164651795, "cond_diff_ti": 943.026908018148, "erank_diff_it": 122.14412175775844, "erank_diff_ti": 67.95337500073354, "erank_ratio_diff_it": 0.38170038049299515, "erank_ratio_diff_ti": 0.21235429687729232}}, "diagnostic_of_cluster_500": {"nocaps-retrieval-Retrieval_cka_cka_retrieval_500": {"k": 500, "cond_text": 13887.862422544516, "cond_image": 697.5678337910488, "erank_text": 162.91467018754085, "erank_image": 229.32384039109456, "erank_ratio_text": 0.3258293403750817, "erank_ratio_image": 0.45864768078218915, "shape_text": [500, 768], "shape_image": [500, 1024], "diff_k_it_norm": 427915.15625, "diff_k_ti_norm": 427915.15625, "K_t_norm": 514376.8125, "K_i_norm": 100442.6953125, "text_min_eig": 1.2150058525972454, "image_min_eig": 24.36356016031733, "text_max_eig": 16873.834123456945, "image_max_eig": 16995.235884470458, "log_text_min_eig": 0.19474889373337562, "log_image_min_eig": 3.1930885799594253, "log_text_max_eig": 9.733519424373648, "log_image_max_eig": 9.740688341673227, "log_cond_text": 49.97984449503212, "log_cond_image": 3.050553749998693, "cond_diff_it": 2327.565567849828, "cond_diff_ti": 7765.821110145086, "erank_diff_it": 175.2221438621557, "erank_diff_ti": 94.67057390189254, "erank_ratio_diff_it": 0.35044428772431135, "erank_ratio_diff_ti": 0.18934114780378508}}, "diagnostic_of_cluster_750": {"nocaps-retrieval-Retrieval_cka_cka_retrieval_750": {"k": 750, "cond_text": 52594122.7109737, "cond_image": 5330.1799918870165, "erank_text": 180.06346602198965, "erank_image": 280.14388247998045, "erank_ratio_text": 0.24008462136265288, "erank_ratio_image": 0.3735251766399739, "shape_text": [750, 768], "shape_image": [750, 1024], "diff_k_it_norm": 637221.0, "diff_k_ti_norm": 637221.0, "K_t_norm": 767489.25, "K_i_norm": 149820.140625, "text_min_eig": 0.00046874207893124025, "image_min_eig": 4.922290335652733, "text_max_eig": 24653.078419106572, "image_max_eig": 26236.693461355026, "log_text_min_eig": -7.665457879102452, "log_image_min_eig": 1.5937739375621203, "log_text_max_eig": 10.112657056829788, "log_image_max_eig": 10.174914223736637, "log_cond_text": -1.3192502282738885, "log_cond_image": 6.384164017200872, "cond_diff_it": 6443.480519774188, "cond_diff_ti": 138428.70453889266, "erank_diff_it": 233.61912807190308, "erank_diff_ti": 122.73076926543057, "erank_ratio_diff_it": 0.31149217076253743, "erank_ratio_diff_ti": 0.16364102568724076}}, "diagnostic_of_cluster_1000": {"nocaps-retrieval-Retrieval_cka_cka_retrieval_1000": {"k": 1000, "cond_text": 2159380175.9590087, "cond_image": 1384697.2386630003, "erank_text": 190.48890061505725, "erank_image": 309.92916136848623, "erank_ratio_text": 0.19048890061505724, "erank_ratio_image": 0.30992916136848625, "shape_text": [1000, 768], "shape_image": [1000, 1024], "diff_k_it_norm": 846437.9375, "diff_k_ti_norm": 846437.9375, "K_t_norm": 1021423.0625, "K_i_norm": 200147.640625, "text_min_eig": 1.4768181460820648e-05, "image_min_eig": 0.02509945407712319, "text_max_eig": 31890.11828146146, "image_max_eig": 34755.144752541266, "log_text_min_eig": -11.123035592845584, "log_image_min_eig": -3.6849091829963423, "log_text_max_eig": 10.370051469042739, "log_image_max_eig": 10.456082890467396, "log_cond_text": -0.9323040803459112, "log_cond_image": -2.8375415434160445, "cond_diff_it": 54604.44394852835, "cond_diff_ti": 94202.53590684969, "erank_diff_it": 275.5040558902998, "erank_diff_ti": 146.2566803133299, "erank_ratio_diff_it": 0.2755040558902998, "erank_ratio_diff_ti": 0.1462566803133299}}, "diagnostic_of_cluster_1250": {"nocaps-retrieval-Retrieval_cka_cka_retrieval_1250": {"k": 1250, "cond_text": 1292053050.2658842, "cond_image": 5361546662.385885, "erank_text": 195.96221368355668, "erank_image": 330.2064870560097, "erank_ratio_text": 0.15676977094684535, "erank_ratio_image": 0.26416518964480773, "shape_text": [1250, 768], "shape_image": [1250, 1024], "diff_k_it_norm": 1062011.5, "diff_k_ti_norm": 1062011.5, "K_t_norm": 1282150.625, "K_i_norm": 249537.59375, "text_min_eig": 2.968307202822306e-05, "image_min_eig": 7.813031321285788e-06, "text_max_eig": 38352.10375532755, "image_max_eig": 41889.9320037562, "log_text_min_eig": -10.424933640027328, "log_image_min_eig": -11.759717536089688, "log_text_max_eig": 10.55456466201384, "log_image_max_eig": 10.642800790730314, "log_cond_text": -1.0124347095590887, "log_cond_image": -0.9050218049939005, "cond_diff_it": 848483.6533581036, "cond_diff_ti": 88598.04117108672, "erank_diff_it": 309.13833490236715, "erank_diff_ti": 162.6868282714855, "erank_ratio_diff_it": 0.2473106679218937, "erank_ratio_diff_ti": 0.1301494626171884}}, "diagnostic_of_cluster_1500": {"nocaps-retrieval-Retrieval_cka_cka_retrieval_1500": {"k": 1500, "cond_text": 1274035875.0985537, "cond_image": 85079827353.23607, "erank_text": 200.6517799234362, "erank_image": 341.0037044133354, "erank_ratio_text": 0.1337678532822908, "erank_ratio_image": 0.2273358029422236, "shape_text": [1500, 768], "shape_image": [1500, 1024], "diff_k_it_norm": 1274345.25, "diff_k_ti_norm": 1274345.25, "K_t_norm": 1538992.0, "K_i_norm": 298117.96875, "text_min_eig": 3.613978634925345e-05, "image_min_eig": 5.726084089923437e-07, "text_max_eig": 46043.38432734588, "image_max_eig": 48717.424578079794, "log_text_min_eig": -10.228116184570476, "log_image_min_eig": -14.373063758759171, "log_text_max_eig": 10.737339368547454, "log_image_max_eig": 10.79379203928868, "log_cond_text": -1.0497866053521334, "log_cond_image": -0.7509736421165442, "cond_diff_it": 208427.5090525776, "cond_diff_ti": 213862.7382574082, "erank_diff_it": 331.5709019833836, "erank_diff_ti": 177.0806928882129, "erank_ratio_diff_it": 0.22104726798892238, "erank_ratio_diff_ti": 0.1180537952588086}}, "diagnostic_of_cluster_1750": {"nocaps-retrieval-Retrieval_cka_cka_retrieval_1750": {"k": 1750, "cond_text": 2155409458.4341855, "cond_image": 13976414687.977064, "erank_text": 202.52169099815737, "erank_image": 347.4571765898061, "erank_ratio_text": 0.11572668057037563, "erank_ratio_image": 0.19854695805131778, "shape_text": [1750, 768],