{"nocaps-retrieval-Retrieval_cka_cka_retrieval_1000": {"Recall@5": 0.19125925925925857, "Recall@10": 0.3205925925925913, "MAP": 0.2311062097638121, "MRR": 0.3510713918736795, "NDCG": 0.3436522217320872}}