{"results_of_cluster_100": {"flickr30k-retrieval-Retrieval_cka_cka_retrieval_100": {"Recall@5": 0.010089145254326243, "Recall@10": 0.018416360776088037, "MAP": 0.007797991360833001, "MRR": 0.030273402072781418, "NDCG": 0.020453613468371212}}, "results_of_cluster_320": {"flickr30k-retrieval-Retrieval_cka_cka_retrieval_320": {"Recall@5": 0.01971683272155205, "Recall@10": 0.035007865757733944, "MAP": 0.01618575957615848, "MRR": 0.05754371695088721, "NDCG": 0.03949380959198667}}, "results_of_cluster_500": {"flickr30k-retrieval-Retrieval_cka_cka_retrieval_500": {"Recall@5": 0.023282642894598565, "Recall@10": 0.03972732039853085, "MAP": 0.018794040082892788, "MRR": 0.06592142176861014, "NDCG": 0.045186033631366404}}, "results_of_cluster_750": {"flickr30k-retrieval-Retrieval_cka_cka_retrieval_750": {"Recall@5": 0.026659674882013262, "Recall@10": 0.04318825380178183, "MAP": 0.020996942617408847, "MRR": 0.07468831697385533, "NDCG": 0.04902319468943531}}}