{"results_of_cluster_100": {"nocaps-retrieval-Retrieval_cka_cka_retrieval_100": {"Recall@5": 0.08266666666666699, "Recall@10": 0.14622222222222192, "MAP": 0.088069210449121, "MRR": 0.18442519215549832, "NDCG": 0.16323502468286288}}, "results_of_cluster_320": {"nocaps-retrieval-Retrieval_cka_cka_retrieval_320": {"Recall@5": 0.13585185185185186, "Recall@10": 0.23466666666666575, "MAP": 0.15911922674657453, "MRR": 0.2756266019778232, "NDCG": 0.26074001648296385}}, "results_of_cluster_500": {"nocaps-retrieval-Retrieval_cka_cka_retrieval_500": {"Recall@5": 0.16725925925925894, "Recall@10": 0.2746666666666654, "MAP": 0.19608248072622, "MRR": 0.31464459594094957, "NDCG": 0.3022475088687434}}, "results_of_cluster_750": {"nocaps-retrieval-Retrieval_cka_cka_retrieval_750": {"Recall@5": 0.17985185185185135, "Recall@10": 0.3032592592592578, "MAP": 0.21495171459915177, "MRR": 0.339126472573153, "NDCG": 0.3258705573390584}}, "results_of_cluster_1000": {"nocaps-retrieval-Retrieval_cka_cka_retrieval_1000": {"Recall@5": 0.19125925925925857, "Recall@10": 0.3205925925925913, "MAP": 0.2311062097638121, "MRR": 0.3510713918736795, "NDCG": 0.3436522217320872}}, "results_of_cluster_1250": {"nocaps-retrieval-Retrieval_cka_cka_retrieval_1250": {"Recall@5": 0.19570370370370294, "Recall@10": 0.3297777777777759, "MAP": 0.24193581981282358, "MRR": 0.3598503341598457, "NDCG": 0.3555851526262969}}, "results_of_cluster_1500": {"nocaps-retrieval-Retrieval_cka_cka_retrieval_1500": {"Recall@5": 0.19896296296296226, "Recall@10": 0.33599999999999836, "MAP": 0.24527272873643702, "MRR": 0.3648383601485597, "NDCG": 0.36209804729163875}}, "results_of_cluster_1750": {"nocaps-retrieval-Retrieval_cka_cka_retrieval_1750": {"Recall@5": 0.19703703703703623, "Recall@10": 0.33925925925925726, "MAP": 0.242085904414611, "MRR": 0.36405024776215006, "NDCG": 0.3596729860967154}}, "results_of_cluster_2000": {"nocaps-retrieval-Retrieval_cka_cka_retrieval_2000": {"Recall@5": 0.192888888888888, "Recall@10": 0.3266666666666647, "MAP": 0.24089371095403087, "MRR": 0.3598005566080901, "NDCG": 0.3590782806745554}}, "results_of_cluster_2250": {"nocaps-retrieval-Retrieval_cka_cka_retrieval_2250": {"Recall@5": 0.18992592592592514, "Recall@10": 0.324740740740739, "MAP": 0.23119835919091167, "MRR": 0.35481013856125654, "NDCG": 0.3493266555811206}}, "results_of_cluster_2500": {"nocaps-retrieval-Retrieval_cka_cka_retrieval_2500": {"Recall@5": 0.18474074074074004, "Recall@10": 0.3188148148148134, "MAP": 0.224717397736868, "MRR": 0.34548342220151645, "NDCG": 0.34262589922582426}}, "results_of_cluster_2750": {"nocaps-retrieval-Retrieval_cka_cka_retrieval_2750": {"Recall@5": 0.18533333333333255, "Recall@10": 0.3146666666666647, "MAP": 0.22076186668317732, "MRR": 0.3403336905389709, "NDCG": 0.3356369503992203}}, "results_of_cluster_3000": {"nocaps-retrieval-Retrieval_cka_cka_retrieval_3000": {"Recall@5": 0.17762962962962886, "Recall@10": 0.2992592592592574, "MAP": 0.2109673784623561, "MRR": 0.33454644759933716, "NDCG": 0.3255096166887739}}, "results_of_cluster_3250": {"nocaps-retrieval-Retrieval_cka_cka_retrieval_3250": {"Recall@5": 0.16607407407407349, "Recall@10": 0.2813333333333321, "MAP": 0.1972999871855393, "MRR": 0.33158059650156313, "NDCG": 0.3121086584097776}}, "results_of_cluster_3500": {"nocaps-retrieval-Retrieval_cka_cka_retrieval_3500": {"Recall@5": 0.16607407407407349, "Recall@10": 0.2813333333333321, "MAP": 0.1972999871855393, "MRR": 0.33158059650156313, "NDCG": 0.3121086584097776}}, "results_of_cluster_4000": {"nocaps-retrieval-Retrieval_cka_cka_retrieval_4000": {"Recall@5": 0.16607407407407349, "Recall@10": 0.2813333333333321, "MAP": 0.1972999871855393, "MRR": 0.33158059650156313, "NDCG": 0.3121086584097776}}}