{"diagnostic_of_cluster_100": {"nocaps-retrieval-Retrieval_cka_cka_retrieval_100": {"k": 100, "cond_text": 16.289392778491553, "cond_image": 28.578445776847467, "erank_text": 83.07922955417776, "erank_image": 76.4259974731016, "erank_ratio_text": 0.8307922955417776, "erank_ratio_image": 0.764259974731016, "shape_text": [100, 4096], "shape_image": [100, 1024], "diff_k_it_norm": 45236.078125, "diff_k_ti_norm": 45236.078125, "K_t_norm": 63005.25, "K_i_norm": 23273.173828125, "cond_diff_it": 3.679713779268716, "cond_diff_ti": 130.2379303522003, "erank_diff_it": 1.680014703530041, "erank_diff_ti": 74.08862247704671, "erank_ratio_diff_it": 0.01680014703530041, "erank_ratio_diff_ti": 0.7408862247704672}}, "diagnostic_of_cluster_320": {"nocaps-retrieval-Retrieval_cka_cka_retrieval_320": {"k": 320, "cond_text": 91.45231869040279, "cond_image": 242.10550580489272, "erank_text": 201.76383190691905, "erank_image": 176.05767884685474, "erank_ratio_text": 0.630511974709122, "erank_ratio_image": 0.550180246396421, "shape_text": [320, 4096], "shape_image": [320, 1024], "diff_k_it_norm": 119046.3359375, "diff_k_ti_norm": 119046.3359375, "K_t_norm": 166123.515625, "K_i_norm": 66593.90625, "cond_diff_it": 199.73670703233495, "cond_diff_ti": 8182.260670965276, "erank_diff_it": 35.541438561047485, "erank_diff_ti": 159.22507958010846, "erank_ratio_diff_it": 0.1110669955032734, "erank_ratio_diff_ti": 0.4975783736878389}}, "diagnostic_of_cluster_500": {"nocaps-retrieval-Retrieval_cka_cka_retrieval_500": {"k": 500, "cond_text": 278.9406246354297, "cond_image": 697.5678337910488, "erank_text": 262.9079597726761, "erank_image": 229.32384039109456, "erank_ratio_text": 0.5258159195453522, "erank_ratio_image": 0.45864768078218915, "shape_text": [500, 4096], "shape_image": [500, 1024], "diff_k_it_norm": 181435.453125, "diff_k_ti_norm": 181435.453125, "K_t_norm": 251568.78125, "K_i_norm": 100442.6953125, "cond_diff_it": 1185.1901588589412, "cond_diff_ti": 5257.555910925235, "erank_diff_it": 68.77798835119866, "erank_diff_ti": 205.16277667006125, "erank_ratio_diff_it": 0.1375559767023973, "erank_ratio_diff_ti": 0.4103255533401225}}, "diagnostic_of_cluster_750": {"nocaps-retrieval-Retrieval_cka_cka_retrieval_750": {"k": 750, "cond_text": 586.1817391841668, "cond_image": 5330.1799918870165, "erank_text": 321.892030287324, "erank_image": 280.14388247998045, "erank_ratio_text": 0.429189373716432, "erank_ratio_image": 0.3735251766399739, "shape_text": [750, 4096], "shape_image": [750, 1024], "diff_k_it_norm": 265829.65625, "diff_k_ti_norm": 265829.65625, "K_t_norm": 369283.90625, "K_i_norm": 149820.140625, "cond_diff_it": 1887.2529905567403, "cond_diff_ti": 146567.12876877355, "erank_diff_it": 116.27457648176576, "erank_diff_ti": 252.01316986432553, "erank_ratio_diff_it": 0.15503276864235435, "erank_ratio_diff_ti": 0.3360175598191007}}, "diagnostic_of_cluster_1000": {"nocaps-retrieval-Retrieval_cka_cka_retrieval_1000": {"k": 1000, "cond_text": 974.1261083974717, "cond_image": 1384697.2386630003, "erank_text": 365.82501262929907, "erank_image": 309.92916136848623, "erank_ratio_text": 0.36582501262929906, "erank_ratio_image": 0.30992916136848625, "shape_text": [1000, 4096], "shape_image": [1000, 1024], "diff_k_it_norm": 344392.59375, "diff_k_ti_norm": 344392.59375, "K_t_norm": 481254.53125, "K_i_norm": 200147.640625, "cond_diff_it": 2075.5766101150834, "cond_diff_ti": 111460.4901015544, "erank_diff_it": 155.20224539894096, "erank_diff_ti": 292.6823682055165, "erank_ratio_diff_it": 0.15520224539894095, "erank_ratio_diff_ti": 0.2926823682055165}}, "diagnostic_of_cluster_1500": {"nocaps-retrieval-Retrieval_cka_cka_retrieval_1500": {"k": 1500, "cond_text": 2656.8313556983585, "cond_image": 85079827353.23607, "erank_text": 426.26466149084877, "erank_image": 341.0037044133354, "erank_ratio_text": 0.28417644099389916, "erank_ratio_image": 0.2273358029422236, "shape_text": [1500, 4096], "shape_image": [1500, 1024], "diff_k_it_norm": 503562.21875, "diff_k_ti_norm": 503562.21875, "K_t_norm": 704082.8125, "K_i_norm": 298117.96875, "cond_diff_it": 25069.013137175203, "cond_diff_ti": 205585.5198107865, "erank_diff_it": 217.20590896294496, "erank_diff_ti": 357.26341124266384, "erank_ratio_diff_it": 0.14480393930862998, "erank_ratio_diff_ti": 0.23817560749510922}}, "diagnostic_of_cluster_2000": {"nocaps-retrieval-Retrieval_cka_cka_retrieval_2000": {"k": 2000, "cond_text": 7196.42252746641, "cond_image": 32418528827.640667, "erank_text": 455.71172876463595, "erank_image": 350.8378868654741, "erank_ratio_text": 0.22785586438231797, "erank_ratio_image": 0.17541894343273706, "shape_text": [2000, 4096], "shape_image": [2000, 1024], "diff_k_it_norm": 664466.4375, "diff_k_ti_norm": 664466.4375, "K_t_norm": 923678.8125, "K_i_norm": 396147.75, "cond_diff_it": 21585.896474770267, "cond_diff_ti": 580327.9582392839, "erank_diff_it": 262.1556480809328, "erank_diff_ti": 396.9273355531405, "erank_ratio_diff_it": 0.1310778240404664, "erank_ratio_diff_ti": 0.19846366777657024}}, "diagnostic_of_cluster_2500": {"nocaps-retrieval-Retrieval_cka_cka_retrieval_2500": {"k": 2500, "cond_text": 19709.73136211863, "cond_image": 91147120580.89578, "erank_text": 473.7468926950867, "erank_image": 350.12769708394165, "erank_ratio_text": 0.18949875707803468, "erank_ratio_image": 0.14005107883357668, "shape_text": [2500, 4096], "shape_image": [2500, 1024], "diff_k_it_norm": 822831.875, "diff_k_ti_norm": 822831.875, "K_t_norm": 1142875.625, "K_i_norm": 495971.75, "cond_diff_it": 40045.181334930436, "cond_diff_ti": 269706.48547841515, "erank_diff_it": 295.5896177867848, "erank_diff_ti": 426.21908629582595, "erank_ratio_diff_it": 0.11823584711471392, "erank_ratio_diff_ti": 0.17048763451833038}}, "diagnostic_of_cluster_3000": {"nocaps-retrieval-Retrieval_cka_cka_retrieval_3000": {"k": 3000, "cond_text": 60891.8972007561, "cond_image": 48076059142.75033, "erank_text": 483.4464461130348, "erank_image": 343.6049669886689, "erank_ratio_text": 0.1611488153710116, "erank_ratio_image": 0.11453498899622296, "shape_text": [3000, 4096], "shape_image": [3000, 1024], "diff_k_it_norm": 976053.0625, "diff_k_ti_norm": 976053.0625, "K_t_norm": 1357878.0, "K_i_norm": 597742.875, "cond_diff_it": 947866.3841410354, "cond_diff_ti": 494055.6766550744, "erank_diff_it": 318.56750900329183, "erank_diff_ti": 446.5860560487087, "erank_ratio_diff_it": 0.10618916966776394, "erank_ratio_diff_ti": 0.1488620186829029}}, "diagnostic_of_cluster_3500": {"nocaps-retrieval-Retrieval_cka_cka_retrieval_3500": {"k": 3500, "cond_text": 477125.03671331215, "cond_image": 43439714024.68902, "erank_text": 482.67424967009936, "erank_image": 338.5278129964293, "erank_ratio_text": 0.13790692847717123, "erank_ratio_image": 0.09672223228469409, "shape_text": [3150, 4096], "shape_image": [3150, 1024], "diff_k_it_norm": 1025987.0625, "diff_k_ti_norm": 1025987.0625, "K_t_norm": 1428522.75, "K_i_norm": 630364.875, "cond_diff_it": 224852.7846349408, "cond_diff_ti": 718127.9807869627, "erank_diff_it": 322.7598271976168, "erank_diff_ti": 449.3281047652813, "erank_ratio_diff_it": 0.09221709348503337, "erank_ratio_diff_ti": 0.12837945850436608}}, "diagnostic_of_cluster_4000": {"nocaps-retrieval-Retrieval_cka_cka_retrieval_4000": {"k": 4000, "cond_text": 477125.03671331215, "cond_image": 43439714024.68902, "erank_text": 482.67424967009936, "erank_image": 338.5278129964293, "erank_ratio_text": 0.12066856241752484, "erank_ratio_image": 0.08463195324910733, "shape_text": [3150, 4096], "shape_image": [3150, 1024], "diff_k_it_norm": 1025987.0625, "diff_k_ti_norm": 1025987.0625, "K_t_norm": 1428522.75, "K_i_norm": 630364.875, "cond_diff_it": 224852.7846349408, "cond_diff_ti": 718127.9807869627, "erank_diff_it": 322.7598271976168, "erank_diff_ti": 449.3281047652813, "erank_ratio_diff_it": 0.0806899567994042, "erank_ratio_diff_ti": 0.11233202619132032}}}