{"results_of_cluster_100": {"nocaps-retrieval-Retrieval_cka_cka_retrieval_100": {"Recall@5": 0.08266666666666699, "Recall@10": 0.14622222222222192, "MAP": 0.088069210449121, "MRR": 0.18442519215549832, "NDCG": 0.16323502468286288}}, "results_of_cluster_320": {"nocaps-retrieval-Retrieval_cka_cka_retrieval_320": {"Recall@5": 0.13585185185185186, "Recall@10": 0.23466666666666575, "MAP": 0.15911922674657453, "MRR": 0.2756266019778232, "NDCG": 0.26074001648296385}}}