{"diagnostic_of_cluster_100": {"nocaps-retrieval-Retrieval_cka_cka_retrieval_100": {"k": 100, "cond_text": 16.289392778491553, "cond_image": 28.578445776847467, "erank_text": 83.07922955417776, "erank_image": 76.4259974731016, "erank_ratio_text": 0.8307922955417776, "erank_ratio_image": 0.764259974731016, "shape_text": [100, 4096], "shape_image": [100, 1024], "diff_k_it_norm": 45236.078125, "diff_k_ti_norm": 45236.078125, "K_t_norm": 63005.25, "K_i_norm": 23273.173828125, "text_min_eig": 909.0430308632801, "image_min_eig": 172.5470061085983, "text_max_eig": 14807.75898228239, "image_max_eig": 4931.125258031945, "log_text_min_eig": 6.812392431740515, "log_image_min_eig": 5.150669698530536, "log_text_max_eig": 9.602906577937892, "log_image_max_eig": 8.503322488057641, "log_cond_text": 1.4096232232887413, "log_cond_image": 1.6509158974965144, "cond_diff_it": 3.679713779268716, "cond_diff_ti": 130.2379303522003, "erank_diff_it": 1.680014703530041, "erank_diff_ti": 74.08862247704671, "erank_ratio_diff_it": 0.01680014703530041, "erank_ratio_diff_ti": 0.7408862247704672}}, "diagnostic_of_cluster_320": {"nocaps-retrieval-Retrieval_cka_cka_retrieval_320": {"k": 320, "cond_text": 91.45231869040279, "cond_image": 242.10550580489272, "erank_text": 201.76383190691905, "erank_image": 176.05767884685474, "erank_ratio_text": 0.630511974709122, "erank_ratio_image": 0.550180246396421, "shape_text": [320, 4096], "shape_image": [320, 1024], "diff_k_it_norm": 119046.3359375, "diff_k_ti_norm": 119046.3359375, "K_t_norm": 166123.515625, "K_i_norm": 66593.90625, "text_min_eig": 421.41909612295467, "image_min_eig": 50.270380444742216, "text_max_eig": 38539.75348085794, "image_max_eig": 12170.735884578702, "log_text_min_eig": 6.0436278162497485, "log_image_min_eig": 3.9174160457033422, "log_text_max_eig": 10.559445545498962, "log_image_max_eig": 9.406789651251186, "log_cond_text": 1.7472031479349788, "log_cond_image": 2.401274090243399, "cond_diff_it": 199.73670703233495, "cond_diff_ti": 8182.260670965276, "erank_diff_it": 35.541438561047485, "erank_diff_ti": 159.22507958010846, "erank_ratio_diff_it": 0.1110669955032734, "erank_ratio_diff_ti": 0.4975783736878389}}, "diagnostic_of_cluster_500": {"nocaps-retrieval-Retrieval_cka_cka_retrieval_500": {"k": 500, "cond_text": 278.9406246354297, "cond_image": 697.5678337910488, "erank_text": 262.9079597726761, "erank_image": 229.32384039109456, "erank_ratio_text": 0.5258159195453522, "erank_ratio_image": 0.45864768078218915, "shape_text": [500, 4096], "shape_image": [500, 1024], "diff_k_it_norm": 181435.453125, "diff_k_ti_norm": 181435.453125, "K_t_norm": 251568.78125, "K_i_norm": 100442.6953125, "text_min_eig": 211.15979163155038, "image_min_eig": 24.36356016031733, "text_max_eig": 58901.044175591844, "image_max_eig": 16995.235884470458, "log_text_min_eig": 5.352615153175001, "log_image_min_eig": 3.1930885799594253, "log_text_max_eig": 10.983614097421281, "log_image_max_eig": 9.740688341673227, "log_cond_text": 2.052008930794539, "log_cond_image": 3.050553749998693, "cond_diff_it": 1185.1901588589412, "cond_diff_ti": 5257.555910925235, "erank_diff_it": 68.77798835119866, "erank_diff_ti": 205.16277667006125, "erank_ratio_diff_it": 0.1375559767023973, "erank_ratio_diff_ti": 0.4103255533401225}}, "diagnostic_of_cluster_750": {"nocaps-retrieval-Retrieval_cka_cka_retrieval_750": {"k": 750, "cond_text": 586.1817391841668, "cond_image": 5330.1799918870165, "erank_text": 321.892030287324, "erank_image": 280.14388247998045, "erank_ratio_text": 0.429189373716432, "erank_ratio_image": 0.3735251766399739, "shape_text": [750, 4096], "shape_image": [750, 1024], "diff_k_it_norm": 265829.65625, "diff_k_ti_norm": 265829.65625, "K_t_norm": 369283.90625, "K_i_norm": 149820.140625, "text_min_eig": 141.58792934873478, "image_min_eig": 4.922290335652733, "text_max_eig": 82996.25867312629, "image_max_eig": 26236.693461355026, "log_text_min_eig": 4.952920932913758, "log_image_min_eig": 1.5937739375621203, "log_text_max_eig": 11.326550809535377, "log_image_max_eig": 10.174914223736637, "log_cond_text": 2.286842645572392, "log_cond_image": 6.384164017200872, "cond_diff_it": 1887.2529905567403, "cond_diff_ti": 146567.12876877355, "erank_diff_it": 116.27457648176576, "erank_diff_ti": 252.01316986432553, "erank_ratio_diff_it": 0.15503276864235435, "erank_ratio_diff_ti": 0.3360175598191007}}}