{"diagnostic_of_cluster_100": {"nocaps-retrieval-Retrieval_cka_cka_retrieval_100": {"k": 100, "cond_text": 53.393236842200345, "cond_image": 28.578445776847467, "erank_text": 70.16408853989202, "erank_image": 76.4259974731016, "erank_ratio_text": 0.7016408853989202, "erank_ratio_image": 0.764259974731016, "shape_text": [100, 768], "shape_image": [100, 1024], "diff_k_it_norm": 84777.8671875, "diff_k_ti_norm": 84777.8671875, "K_t_norm": 103504.53125, "K_i_norm": 23273.173828125, "text_min_eig": 82.70851756803428, "image_min_eig": 172.5470061085983, "text_max_eig": 4416.075467377343, "image_max_eig": 4931.125258031945, "log_text_min_eig": 4.415322590293697, "log_image_min_eig": 5.150669698530536, "log_text_max_eig": 8.39300667734382, "log_image_max_eig": 8.503322488057641, "log_cond_text": 1.9008818734545818, "log_cond_image": 1.6509158974965144, "cond_diff_it": 408.43304133217146, "cond_diff_ti": 102.6695743833677, "erank_diff_it": 45.385567730471195, "erank_diff_ti": 24.86160423976933, "erank_ratio_diff_it": 0.45385567730471194, "erank_ratio_diff_ti": 0.2486160423976933}}, "diagnostic_of_cluster_320": {"nocaps-retrieval-Retrieval_cka_cka_retrieval_320": {"k": 320, "cond_text": 913.0308306467707, "cond_image": 242.10550580489272, "erank_text": 138.79068918116332, "erank_image": 176.05767884685474, "erank_ratio_text": 0.43372090369113536, "erank_ratio_image": 0.550180246396421, "shape_text": [320, 768], "shape_image": [320, 1024], "diff_k_it_norm": 272699.71875, "diff_k_ti_norm": 272699.71875, "K_t_norm": 329148.96875, "K_i_norm": 66593.90625, "text_min_eig": 12.186389427648571, "image_min_eig": 50.270380444742216, "text_max_eig": 11126.549261711, "image_max_eig": 12170.735884578702, "log_text_min_eig": 2.500319708286687, "log_image_min_eig": 3.9174160457033422, "log_text_max_eig": 9.31708935681838, "log_image_max_eig": 9.406789651251186, "log_cond_text": 3.7263592035607322, "log_cond_image": 2.401274090243399, "cond_diff_it": 2200.1002164651795, "cond_diff_ti": 943.026908018148, "erank_diff_it": 122.14412175775844, "erank_diff_ti": 67.95337500073354, "erank_ratio_diff_it": 0.38170038049299515, "erank_ratio_diff_ti": 0.21235429687729232}}}