{"nocaps-retrieval-Retrieval_cka__": {"Recall@5": 0.13585185185185186, "Recall@10": 0.23466666666666575, "MAP": 0.15911922674657453, "MRR": 0.2756266019778232, "NDCG": 0.26074001648296385}}